Dist_Name,yield_increase
Hoshangabad,2433.9680425531915
Satna,2384.394893617021
Indore,2232.881489361702
Bhind,2174.601276595744
Guna,2128.1571489361704
